iteration,cycle_delta
0,93244
1,83815
2,118957
3,170902
4,175937
5,188334
6,318971
7,74599
8,57160
9,74112
10,89971
11,178801
12,87694
13,57129
14,74572
15,95063
16,123372
17,74033
18,102953
19,138917
20,317749
21,72739
22,91117
23,75850
24,143567
25,161581
26,57063
27,208491
28,75834
29,75846
30,57075
31,114653
32,120163
33,74254
34,73436
35,57194
36,172683
37,204225
38,374818
39,90135
40,74702
41,158932
42,106461
43,237711
44,73017
45,109277
46,172712
47,57086
48,181370
49,72976
50,73022
51,88848
52,106253
53,106322
54,57049
55,114528
56,214196
57,78309
58,159495
59,456495
60,211791
61,57159
62,105370
63,57127
64,89896
65,441067
66,57087
67,90455
68,157356
69,92268
70,72486
71,93828
72,57129
73,77138
74,180037
75,128873
76,57080
77,245435
78,181222
79,110500
80,90386
81,72913
82,57061
83,93945
84,57034
85,73022
86,96889
87,359302
88,57046
89,74707
90,105886
91,90019
92,212788
93,57103
94,158089
95,120794
96,63155
97,142408
98,57089
99,157303
100,90506
101,150541
102,145735
103,196453
104,62489
105,153821
106,61997
107,105236
108,83145
109,83221
110,64197
111,206356
112,84779
113,185873
114,58324
115,136976
116,76521
117,58823
118,183406
119,80829
120,93854
121,210678
122,184172
123,57137
124,111155
125,75903
126,113738
127,212634
128,106309
129,143732
130,57067
131,57089
132,73401
133,123149
134,167336
135,344039
136,74081
137,90536
138,104019
139,232373
140,98525
141,57056
142,88709
143,57014
144,57008
145,77045
146,57094
147,175566
148,108587
149,94956
150,247620
151,191939
152,116649
153,73025
154,89922
155,88717
156,179745
157,133686
158,435571
159,77896
160,59066
161,143379
162,57976
163,188277
164,127374
165,195148
166,57749
167,57779
168,73612
169,74716
170,217315
171,76269
172,146859
173,149192
174,91320
175,94584
176,144933
177,111891
178,108838
179,57822
180,158581
181,258680
182,130670
183,174762
184,57040
185,129256
186,149772
187,74904
188,94617
189,137857
190,77376
191,58391
192,103131
193,81168
194,57678
195,210051
196,132823
197,102927
198,117976
199,95944
200,108909
201,218066
202,109701
203,76929
204,72416
205,77017
206,202058
207,142720
208,94085
209,74157
210,73364
211,74378
212,74675
213,78416
214,220252
215,194200
216,57077
217,93585
218,317669
219,156799
220,57235
221,160064
222,88849
223,113377
224,57038
225,107788
226,73711
227,187283
228,90911
229,73507
230,57187
231,57085
232,138400
233,89537
234,125841
235,129319
236,74042
237,94059
238,104613
239,77057
240,178194
241,72972
242,262633
243,213403
244,74752
245,57293
246,57081
247,87880
248,75822
249,129272
250,109168
251,289790
252,213979
253,110006
254,92258
255,93107
256,267001
257,129311
258,110041
259,125182
260,130874
261,142303
262,56975
263,57133
264,77119
265,74617
266,73018
267,57093
268,110564
269,174511
270,130243
271,76947
272,56943
273,57056
274,74044
275,145016
276,57044
277,173881
278,56995
279,263529
280,127297
281,372387
282,148546
283,57161
284,106865
285,77102
286,90412
287,78285
288,124890
289,158657
290,57153
291,90378
292,57058
293,57107
294,90964
295,57060
296,72528
297,87840
298,57128
299,95019
300,57176
301,56995
302,90018
303,57038
304,57273
305,57056
306,103588
307,57091
308,112500
309,57104
310,74049
311,186681
312,62426
313,172314
314,126005
315,135222
316,125726
317,231497
318,57396
319,57138
320,57168
321,57054
322,93642
323,78289
324,57212
325,72422
326,92335
327,110413
328,57177
329,124684
330,107068
331,57096
332,106112
333,76928
334,57093
335,162821
336,194441
337,74023
338,74039
339,136909
340,113444
341,109218
342,108120
343,123508
344,146915
345,57147
346,57279
347,73011
348,57073
349,72898
350,57052
351,57155
352,72380
353,89821
354,124851
355,90929
356,185034
357,282011
358,147710
359,89979
360,78238
361,72392
362,75747
363,270292
364,157265
365,57000
366,109071
367,148210
368,142548
369,93232
370,72864
371,142109
372,214697
373,210660
374,63567
375,136371
376,418728
377,181723
378,167006
379,81360
380,130909
381,363228
382,93710
383,263115
384,212685
385,721655
386,130366
387,59214
388,112014
389,471000
390,160648
391,106318
392,176810
393,60992
394,135154
395,94794
396,61803
397,125577
398,78495
399,94660
400,86505
401,783638
402,193205
403,58134
404,76688
405,57997
406,58138
407,91812
408,128829
409,90287
410,143526
411,130761
412,90654
413,106346
414,119979
415,143338
416,72943
417,128630
418,72800
419,72868
420,91565
421,105102
422,201438
423,91565
424,243974
425,57034
426,72230
427,73319
428,76915
429,88653
430,57009
431,159050
432,155561
433,93260
434,160842
435,57358
436,220389
437,149909
438,171894
439,140176
440,56868
441,157325
442,94561
443,136410
444,277488
445,56965
446,95362
447,142417
448,126664
449,77043
450,131032
451,92485
452,77050
453,87490
454,137399
455,57050
456,91118
457,57014
458,72939
459,233198
460,264818
461,201963
462,57185
463,153643
464,57070
465,72333
466,57052
467,257722
468,77529
469,74805
470,234209
471,93370
472,94634
473,183098
474,57052
475,57141
476,72807
477,193567
478,72403
479,57062
480,236864
481,74104
482,131600
483,123266
484,156081
485,57098
486,127832
487,142577
488,74591
489,72899
490,107241
491,151636
492,57138
493,74507
494,57117
495,89373
496,125034
497,123367
498,158399
499,125638
500,144329
501,138165
502,175625
503,56969
504,127448
505,122685
506,57097
507,57145
508,57005
509,74628
510,57144
511,130521
512,57050
513,75773
514,57051
515,74777
516,72868
517,73907
518,111872
519,92175
520,88841
521,126059
522,57059
523,120031
524,72881
525,112715
526,126356
527,93526
528,57023
529,205753
530,150685
531,89487
532,269967
533,104165
534,75978
535,150673
536,93492
537,345706
538,141452
539,207845
540,178313
541,57048
542,167349
543,160441
544,130186
545,176310
546,120064
547,58265
548,244608
549,256253
550,126481
551,56950
552,275906
553,91992
554,109278
555,57139
556,140225
557,56951
558,142461
559,57032
560,145583
561,90473
562,56951
563,74673
564,88666
565,95811
566,142688
567,164999
568,310434
569,73502
570,89835
571,57158
572,78127
573,124585
574,172100
575,72931
576,57093
577,56961
578,200113
579,73606
580,57090
581,97700
582,91680
583,72798
584,73435
585,120868
586,120413
587,141813
588,122162
589,87289
590,126457
591,74657
592,57022
593,56964
594,57107
595,72937
596,152632
597,264526
598,57250
599,91112
600,77161
601,76889
602,160019
603,78221
604,126826
605,57095
606,57220
607,122897
608,189018
609,57080
610,105135
611,72257
612,108080
613,57056
614,87889
615,76998
616,224876
617,123242
618,130540
619,196708
620,114882
621,105141
622,142907
623,159592
624,57062
625,111348
626,109446
627,126927
628,91243
629,73389
630,108404
631,144965
632,95193
633,114844
634,198773
635,413948
636,111588
637,116673
638,106593
639,124484
640,161620
641,111870
642,198478
643,118687
644,79674
645,151283
646,66241
647,548574
648,293633
649,137452
650,128649
651,276986
652,67071
653,296489
654,184852
655,286124
656,140248
657,165043
658,72347
659,108564
660,57058
661,118115
662,147915
663,57111
664,89392
665,147987
666,91110
667,156070
668,114947
669,105426
670,77503
671,57435
672,57056
673,89951
674,162392
675,122697
676,78818
677,134014
678,128430
679,73624
680,157958
681,72417
682,142755
683,105692
684,56990
685,57157
686,299402
687,77025
688,57073
689,126362
690,92884
691,74080
692,126898
693,57248
694,357117
695,144102
696,57131
697,107045
698,73577
699,57030
700,145844
701,220568
702,78524
703,472750
704,59507
705,124760
706,182117
707,343911
708,78429
709,57863
710,173490
711,73008
712,57023
713,148966
714,92284
715,73519
716,74533
717,87773
718,164342
719,57087
720,367174
721,181976
722,74568
723,57129
724,91466
725,92262
726,57095
727,57002
728,197113
729,154016
730,74629
731,88980
732,57036
733,254671
734,128083
735,57036
736,266287
737,57090
738,57204
739,126355
740,56986
741,142447
742,266423
743,57011
744,57070
745,75701
746,88148
747,216320
748,172473
749,57050
750,89977
751,78129
752,198349
753,194097
754,163198
755,179685
756,91029
757,94541
758,74536
759,57104
760,165455
761,57273
762,128573
763,167247
764,244270
765,77031
766,90653
767,78283
768,89458
769,75797
770,94247
771,57077
772,57050
773,126838
774,74060
775,204308
776,58957
777,360246
778,285966
779,57313
780,124011
781,384151
782,178710
783,158541
784,94788
785,92335
786,162861
787,338574
788,90548
789,57077
790,212147
791,57297
792,73999
793,73883
794,105642
795,168661
796,74681
797,89855
798,94014
799,160337
800,106433
801,90889
802,302189
803,124552
804,175343
805,113868
806,348771
807,169083
808,75805
809,285032
810,164950
811,125733
812,287536
813,66158
814,225440
815,96339
816,230011
817,106346
818,56961
819,94129
820,106318
821,57022
822,89884
823,57119
824,214331
825,89963
826,57038
827,204257
828,224558
829,109916
830,111578
831,111074
832,57054
833,94557
834,105143
835,76918
836,75947
837,72864
838,240332
839,90846
840,95162
841,75651
842,72686
843,122816
844,232394
845,57089
846,111201
847,125758
848,123407
849,74712
850,95460
851,142686
852,57200
853,57310
854,156286
855,108919
856,57022
857,98367
858,72553
859,73310
860,109785
861,84796
862,124830
863,74744
864,166607
865,112777
866,148970
867,190974
868,111024
869,72982
870,307697
871,109644
872,133318
873,57161
874,239011
875,399796
876,131602
877,57816
878,57277
879,74049
880,107525
881,73555
882,132135
883,57098
884,95892
885,74689
886,72581
887,92882
888,97966
889,57105
890,73034
891,77166
892,106843
893,115752
894,106409
895,78212
896,142325
897,91733
898,57069
899,90031
900,150100
901,81824
902,58553
903,274995
904,142899
905,257068
906,90081
907,196732
908,344375
909,115587
910,74218
911,108144
912,72388
913,227024
914,475905
915,121704
916,73067
917,89364
918,90597
919,161442
920,92215
921,126187
922,127508
923,142431
924,138377
925,72467
926,147604
927,57044
928,105200
929,57082
930,57127
931,76946
932,72479
933,57060
934,155219
935,74234
936,57125
937,260554
938,140859
939,111828
940,106986
941,146194
942,75789
943,78247
944,123827
945,177698
946,90951
947,72425
948,57108
949,107448
950,129529
951,90333
952,72388
953,57026
954,76906
955,57050
956,176675
957,127909
958,174657
959,57099
960,179091
961,57173
962,247358
963,156313
964,220481
965,57007
966,57080
967,73450
968,57032
969,105693
970,126712
971,57002
972,209510
973,89303
974,110924
975,231231
976,75589
977,467235
978,73842
979,95173
980,192815
981,111775
982,122160
983,73671
984,91060
985,75939
986,73986
987,108765
988,126227
989,56993
990,78220
991,57213
992,57020
993,145119
994,57157
995,104112
996,57003
997,57162
998,93401
999,205929
1000,73057
1001,57072
1002,218186
1003,235963
1004,76859
1005,107378
1006,91545
1007,189727
1008,186276
1009,215079
1010,131616
1011,333581
1012,192924
1013,125477
1014,177594
1015,109385
1016,271468
1017,92973
1018,111694
1019,72388
1020,128405
1021,207572
1022,89272
1023,88512
1024,123777
1025,341067
1026,56967
1027,188161
1028,57103
1029,57192
1030,162104
1031,186786
1032,72469
1033,109328
1034,125183
1035,92264
1036,124389
1037,323612
1038,95628
1039,211115
1040,179438
1041,180596
1042,92019
1043,125711
1044,110754
1045,57097
1046,180620
1047,91642
1048,72398
1049,195995
1050,307758
1051,381917
1052,98958
1053,57891
1054,205099
1055,57130
1056,107944
1057,156378
1058,95270
1059,108842
1060,72372
1061,57121
1062,57151
1063,74528
1064,72984
1065,57245
1066,159078
1067,88270
1068,109541
1069,281410
1070,57271
1071,112344
1072,177837
1073,269291
1074,73527
1075,171995
1076,142720
1077,176916
1078,159770
1079,220779
1080,156942
1081,74659
1082,127380
1083,128645
1084,238952
1085,73365
1086,90006
1087,201388
1088,109960
1089,125087
1090,105799
1091,57040
1092,57106
1093,159534
1094,110112
1095,170751
1096,167133
1097,57826
1098,57755
1099,88998
1100,57012
1101,246806
1102,113837
1103,86526
1104,77025
1105,57192
1106,209423
1107,73063
1108,77079
1109,73089
1110,129058
1111,165069
1112,120201
1113,115948
1114,57508
1115,74064
1116,94561
1117,89924
1118,74619
1119,121589
1120,104535
1121,105761
1122,95266
1123,368476
1124,279063
1125,116999
1126,60019
1127,57899
1128,77258
1129,75850
1130,57090
1131,128294
1132,140419
1133,57082
1134,57034
1135,57082
1136,215866
1137,57034
1138,215281
1139,247741
1140,74061
1141,56996
1142,56951
1143,110343
1144,57141
1145,107947
1146,89886
1147,57050
1148,89324
1149,178406
1150,57103
1151,73119
1152,74746
1153,209923
1154,125681
1155,333829
1156,72408
1157,73466
1158,57039
1159,219510
1160,57121
1161,57013
1162,91063
1163,125876
1164,92173
1165,72763
1166,57012
1167,92535
1168,60144
1169,201547
1170,57415
1171,123289
1172,181252
1173,57068
1174,57149
1175,109292
1176,93931
1177,57127
1178,328925
1179,234948
1180,234826
1181,74813
1182,78198
1183,57160
1184,127564
1185,57119
1186,157499
1187,57007
1188,74065
1189,74728
1190,78248
1191,111708
1192,105240
1193,57103
1194,123398
1195,57144
1196,57052
1197,57160
1198,199108
1199,89930
1200,91186
1201,56999
1202,106960
1203,260786
1204,242220
1205,91322
1206,57093
1207,74598
1208,94749
1209,74689
1210,72406
1211,74738
1212,124451
1213,111400
1214,214838
1215,75974
1216,57070
1217,305829
1218,90583
1219,166958
1220,135805
1221,193007
1222,148838
1223,93261
1224,74598
1225,57071
1226,245412
1227,158010
1228,57044
1229,91148
1230,74055
1231,91521
1232,87640
1233,75710
1234,72260
1235,57038
1236,161012
1237,61691
1238,77994
1239,179316
1240,74752
1241,57178
1242,128244
1243,204993
1244,87125
1245,130446
1246,57370
1247,104367
1248,126165
1249,108356
1250,165576
1251,126404
1252,73409
1253,57832
1254,144783
1255,57004
1256,108844
1257,57052
1258,73081
1259,183104
1260,194936
1261,110718
1262,114489
1263,116908
1264,89191
1265,72366
1266,307788
1267,155563
1268,220396
1269,183039
1270,57151
1271,148006
1272,57151
1273,142348
1274,57165
1275,145593
1276,74092
1277,144961
1278,109188
1279,186651
1280,258970
1281,121121
1282,108539
1283,57068
1284,169401
1285,123449
1286,144910
1287,170261
1288,72593
1289,57145
1290,318684
1291,73436
1292,73541
1293,93261
1294,72945
1295,121463
1296,152742
1297,57117
1298,164879
1299,73549
1300,57075
1301,57194
1302,541043
1303,318901
1304,92359
1305,142488
1306,57101
1307,72409
1308,109909
1309,176531
1310,57159
1311,88749
1312,75965
1313,108680
1314,73424
1315,148759
1316,130500
1317,73577
1318,139735
1319,110452
1320,144035
1321,57061
1322,105234
1323,111985
1324,211319
1325,104934
1326,78325
1327,91002
1328,133152
1329,156971
1330,107414
1331,140519
1332,259817
1333,91150
1334,152691
1335,89779
1336,152099
1337,74694
1338,91199
1339,57078
1340,72495
1341,72887
1342,87791
1343,57045
1344,57062
1345,57176
1346,114592
1347,77029
1348,93372
1349,72415
1350,111651
1351,156706
1352,110716
1353,199157
1354,88287
1355,57066
1356,72378
1357,91765
1358,73993
1359,108255
1360,156278
1361,113442
1362,73952
1363,138110
1364,57060
1365,109447
1366,146502
1367,163726
1368,103030
1369,87409
1370,236686
1371,125008
1372,89366
1373,243421
1374,125142
1375,97964
1376,257526
1377,211098
1378,57732
1379,124492
1380,73059
1381,75744
1382,57168
1383,111206
1384,111127
1385,154579
1386,104776
1387,74693
1388,57210
1389,72340
1390,107636
1391,204999
1392,122284
1393,87726
1394,135781
1395,57142
1396,143304
1397,94096
1398,73571
1399,87567
1400,234160
1401,74185
1402,105813
1403,72481
1404,87690
1405,251852
1406,74611
1407,105125
1408,93556
1409,144582
1410,161745
1411,73518
1412,57044
1413,166034
1414,169828
1415,90421
1416,57100
1417,163597
1418,259863
1419,72415
1420,57085
1421,91557
1422,57178
1423,72324
1424,74137
1425,246597
1426,73665
1427,124980
1428,93372
1429,57113
1430,214969
1431,133227
1432,57674
1433,96000
1434,139791
1435,57052
1436,72868
1437,89470
1438,72451
1439,74008
1440,57125
1441,74608
1442,172629
1443,74090
1444,72366
1445,74068
1446,93507
1447,74684
1448,56971
1449,56892
1450,72797
1451,72348
1452,57063
1453,88630
1454,79636
1455,58695
1456,201687
1457,57141
1458,103589
1459,153721
1460,72344
1461,72891
1462,111519
1463,178309
1464,127142
1465,57104
1466,56989
1467,57052
1468,140894
1469,57099
1470,128018
1471,106830
1472,105834
1473,57008
1474,160360
1475,162532
1476,78243
1477,119829
1478,129149
1479,263591
1480,73525
1481,110371
1482,57109
1483,56953
1484,89326
1485,72892
1486,123301
1487,74019
1488,98015
1489,56997
1490,57099
1491,175685
1492,57076
1493,57229
1494,186775
1495,75771
1496,109348
1497,78192
1498,76972
1499,57134
1500,123534
1501,57154
1502,310278
1503,146091
1504,149393
1505,57876
1506,169086
1507,75978
1508,122181
1509,57004
1510,56988
1511,147207
1512,72922
1513,123785
1514,84329
1515,88107
1516,263024
1517,117116
1518,97336
1519,174428
1520,163581
1521,111030
1522,91636
1523,56991
1524,126739
1525,90593
1526,78199
1527,73656
1528,152826
1529,88385
1530,73109
1531,57046
1532,155850
1533,100086
1534,58675
1535,150416
1536,191503
1537,125266
1538,57308
1539,161468
1540,104786
1541,122606
1542,72437
1543,108773
1544,181046
1545,57103
1546,110546
1547,166086
1548,106745
1549,92379
1550,57110
1551,121686
1552,179887
1553,57145
1554,78202
1555,57115
1556,93902
1557,200731
1558,74017
1559,238505
1560,90558
1561,57087
1562,57040
1563,57036
1564,87844
1565,109915
1566,89908
1567,74698
1568,245272
1569,101347
1570,130759
1571,113432
1572,110063
1573,74183
1574,57003
1575,315086
1576,109745
1577,57105
1578,144181
1579,251916
1580,156223
1581,160690
1582,57135
1583,126975
1584,57166
1585,75850
1586,105226
1587,57006
1588,94622
1589,142087
1590,92756
1591,93366
1592,72285
1593,57115
1594,241957
1595,57040
1596,141994
1597,89483
1598,72415
1599,56979
1600,93497
1601,74586
1602,57020
1603,90436
1604,57091
1605,169810
1606,246237
1607,89291
1608,149320
1609,112439
1610,57967
1611,197234
1612,57054
1613,57145
1614,141923
1615,124046
1616,104742
1617,180700
1618,57094
1619,73658
1620,109336
1621,226848
1622,56983
1623,72996
1624,72553
1625,138694
1626,72948
1627,124242
1628,56994
1629,73091
1630,72955
1631,189699
1632,277957
1633,148897
1634,84133
1635,90009
1636,106944
1637,140820
1638,109445
1639,78289
1640,147854
1641,207456
1642,57328
1643,157220
1644,57081
1645,214380
1646,96295
1647,180652
1648,84495
1649,154805
1650,57123
1651,108050
1652,111374
1653,57087
1654,57091
1655,146327
1656,91615
1657,57040
1658,146393
1659,57095
1660,73312
1661,106514
1662,57043
1663,139824
1664,57065
1665,57150
1666,57196
1667,107618
1668,161440
1669,57062
1670,158382
1671,57015
1672,73454
1673,216970
1674,57147
1675,123014
1676,87856
1677,180545
1678,108163
1679,107485
1680,57068
1681,73004
1682,121862
1683,117730
1684,76784
1685,108382
1686,89657
1687,73486
1688,195468
1689,106356
1690,57084
1691,188696
1692,277087
1693,88385
1694,74303
1695,160325
1696,57083
1697,72451
1698,92376
1699,162145
1700,74560
1701,72996
1702,280932
1703,57628
1704,73100
1705,141052
1706,234196
1707,111654
1708,57006
1709,276960
1710,130000
1711,139214
1712,147951
1713,91124
1714,191333
1715,75899
1716,57008
1717,111005
1718,57119
1719,112298
1720,90413
1721,73705
1722,72447
1723,177146
1724,56977
1725,289602
1726,75828
1727,97205
1728,250327
1729,57154
1730,72962
1731,105196
1732,92947
1733,88769
1734,95892
1735,57125
1736,57101
1737,57212
1738,92244
1739,108712
1740,57072
1741,121060
1742,75745
1743,139130
1744,57078
1745,110544
1746,159110
1747,72905
1748,57105
1749,76990
1750,56971
1751,108103
1752,57070
1753,89521
1754,109599
1755,105262
1756,73505
1757,178113
1758,114042
1759,74844
1760,108090
1761,57117
1762,89983
1763,95759
1764,89845
1765,178279
1766,57010
1767,74019
1768,95822
1769,165156
1770,98152
1771,169650
1772,113776
1773,57078
1774,57032
1775,214568
1776,496218
1777,56953
1778,109804
1779,62617
1780,103786
1781,195007
1782,57092
1783,57099
1784,57032
1785,124566
1786,57194
1787,72514
1788,57066
1789,380547
1790,94521
1791,250171
1792,165080
1793,140495
1794,101523
1795,132424
1796,74097
1797,108674
1798,75749
1799,91780
1800,57068
1801,56962
1802,107492
1803,89932
1804,57066
1805,162353
1806,139911
1807,111649
1808,56951
1809,74062
1810,57021
1811,93224
1812,188375
1813,72895
1814,57059
1815,148509
1816,72401
1817,144378
1818,56985
1819,203056
1820,295115
1821,72842
1822,158478
1823,124107
1824,114789
1825,72976
1826,72921
1827,170498
1828,130265
1829,79115
1830,57529
1831,93583
1832,89368
1833,67675
1834,196497
1835,195359
1836,136388
1837,141270
1838,127389
1839,56953
1840,57113
1841,151252
1842,94534
1843,72358
1844,108738
1845,146100
1846,77238
1847,88669
1848,57293
1849,172783
1850,163824
1851,202204
1852,57029
1853,92406
1854,124666
1855,172852
1856,89305
1857,128395
1858,360356
1859,140492
1860,89337
1861,57049
1862,104645
1863,78789
1864,224031
1865,57113
1866,57070
1867,305033
1868,97158
1869,126232
1870,128685
1871,157952
1872,57131
1873,56957
1874,74748
1875,107055
1876,212682
1877,163957
1878,72970
1879,298511
1880,121574
1881,73928
1882,127621
1883,127516
1884,115527
1885,163171
1886,114068
1887,121711
1888,228399
1889,144876
1890,138550
1891,76170
1892,152102
1893,57230
1894,87486
1895,108536
1896,73915
1897,141347
1898,56975
1899,72506
1900,108037
1901,105236
1902,139668
1903,157627
1904,57170
1905,57036
1906,156141
1907,125018
1908,89991
1909,57420
1910,144668
1911,128026
1912,95967
1913,109862
1914,74933
1915,90025
1916,77452
1917,57448
1918,114536
1919,86184
1920,126770
1921,72921
1922,90567
1923,103608
1924,161304
1925,122734
1926,57024
1927,74086
1928,144381
1929,193021
1930,111691
1931,75950
1932,148996
1933,73474
1934,90482
1935,106773
1936,232811
1937,123889
1938,147831
1939,57200
1940,129225
1941,88296
1942,57104
1943,107938
1944,145597
1945,161241
1946,90447
1947,74236
1948,74744
1949,72283
1950,156846
1951,128654
1952,90461
1953,92416
1954,89778
1955,141861
1956,57047
1957,170707
1958,181270
1959,68485
1960,74481
1961,77052
1962,78846
1963,145984
1964,56935
1965,220550
1966,57164
1967,352510
1968,60178
1969,180691
1970,151378
1971,57066
1972,57115
1973,78212
1974,183645
1975,174308
1976,57236
1977,124678
1978,91359
1979,88737
1980,110420
1981,171068
1982,107839
1983,214025
1984,56971
1985,93518
1986,111647
1987,243968
1988,56935
1989,193493
1990,263007
1991,95776
1992,111562
1993,91051
1994,104230
1995,135957
1996,77094
1997,104550
1998,94535
1999,122750
2000,56951
2001,126767
2002,264769
2003,106340
2004,94688
2005,88796
2006,215670
2007,72941
2008,161273
2009,253136
2010,124723
2011,72431
2012,115733
2013,95698
2014,57069
2015,181157
2016,189519
2017,196870
2018,81337
2019,58478
2020,178064
2021,93342
2022,72868
2023,170598
2024,270484
2025,105763
2026,237196
2027,57097
2028,107430
2029,93003
2030,127708
2031,129398
2032,186653
2033,92793
2034,77138
2035,111984
2036,102977
2037,103668
2038,88995
2039,75813
2040,297249
2041,107471
2042,132509
2043,127554
2044,94020
2045,94099
2046,57281
2047,89971
2048,222490
2049,158162
2050,126825
2051,95918
2052,313411
2053,72917
2054,162367
2055,72848
2056,111187
2057,93056
2058,57040
2059,358279
2060,93339
2061,57129
2062,199016
2063,75803
2064,146212
2065,74578
2066,76927
2067,57052
2068,77065
2069,303160
2070,57255
2071,74529
2072,73446
2073,177861
2074,159606
2075,93955
2076,86231
2077,57534
2078,57140
2079,57022
2080,89274
2081,264504
2082,57060
2083,110175
2084,338781
2085,57046
2086,56982
2087,109466
2088,124737
2089,91291
2090,211281
2091,74094
2092,206729
2093,107667
2094,57062
2095,124995
2096,57012
2097,94038
2098,59892
2099,57907
2100,78386
2101,57105
2102,93382
2103,78267
2104,91227
2105,113525
2106,321048
2107,126185
2108,57091
2109,78268
2110,138900
2111,193619
2112,110361
2113,57090
2114,127372
2115,109371
2116,57091
2117,110685
2118,57105
2119,74131
2120,108756
2121,157095
2122,91813
2123,90463
2124,89462
2125,178121
2126,57158
2127,57065
2128,233016
2129,108384
2130,126809
2131,57147
2132,138532
2133,254200
2134,115101
2135,205485
2136,126983
2137,57838
2138,350853
2139,85686
2140,180454
2141,72421
2142,127733
2143,90382
2144,92297
2145,138602
2146,128835
2147,72971
2148,74728
2149,57115
2150,122955
2151,98211
2152,191393
2153,292725
2154,72315
2155,92272
2156,57225
2157,92151
2158,77001
2159,107370
2160,72300
2161,56959
2162,301025
2163,90995
2164,87801
2165,75639
2166,78010
2167,227167
2168,60875
2169,78582
2170,107297
2171,78534
2172,92331
2173,57421
2174,429298
2175,75631
2176,56867
2177,56856
2178,73788
2179,56694
2180,76637
2181,72185
2182,199868
2183,145539
2184,56778
2185,56775
2186,56860
2187,72153
2188,76736
2189,56844
2190,72110
2191,56898
2192,110551
2193,56939
2194,158882
2195,183566
2196,164676
2197,56801
2198,56803
2199,208771
2200,145390
2201,56799
2202,128093
2203,75538
2204,108690
2205,140205
2206,72611
2207,247596
2208,184455
2209,200246
2210,255458
2211,114702
2212,74448
2213,76735
2214,103102
2215,173054
2216,129111
2217,77785
2218,125093
2219,74175
2220,76632
2221,380689
2222,56738
2223,72686
2224,76729
2225,105293
2226,56914
2227,129273
2228,124563
2229,73658
2230,160603
2231,90018
2232,374356
2233,62809
2234,77069
2235,184047
2236,229224
2237,56870
2238,56995
2239,138029
2240,56790
2241,168876
2242,107155
2243,106123
2244,89396
2245,271349
2246,72844
2247,155498
2248,56874
2249,56892
2250,56892
2251,110484
2252,56856
2253,153299
2254,73911
2255,307288
2256,56817
2257,179548
2258,161978
2259,261260
2260,249411
2261,74287
2262,56912
2263,222211
2264,73371
2265,56982
2266,56811
2267,133599
2268,110729
2269,140545
2270,141195
2271,198796
2272,150633
2273,169315
2274,137634
2275,88436
2276,87878
2277,57038
2278,57093
2279,255895
2280,126128
2281,92817
2282,76903
2283,109396
2284,107365
2285,96807
2286,124496
2287,57063
2288,125027
2289,56973
2290,57052
2291,129593
2292,90978
2293,74497
2294,142114
2295,111019
2296,92163
2297,57056
2298,135716
2299,77217
2300,57838
2301,57617
2302,57001
2303,95222
2304,126100
2305,90974
2306,57094
2307,113385
2308,75767
2309,143071
2310,105266
2311,56943
2312,72252
2313,73407
2314,57109
2315,109158
2316,111092
2317,146667
2318,151431
2319,126090
2320,57073
2321,104714
2322,73121
2323,56939
2324,56957
2325,95163
2326,73485
2327,166609
2328,57052
2329,126702
2330,229691
2331,178623
2332,214734
2333,89927
2334,57587
2335,57028
2336,91725
2337,128845
2338,146539
2339,57016
2340,109897
2341,77043
2342,57008
2343,78160
2344,57091
2345,160532
2346,90358
2347,56977
2348,56955
2349,170861
2350,147869
2351,184002
2352,176243
2353,88748
2354,56897
2355,126396
2356,56951
2357,124508
2358,175617
2359,107995
2360,73332
2361,214446
2362,88160
2363,56916
2364,92568
2365,72834
2366,175264
2367,56941
2368,56988
2369,175192
2370,75804
2371,124285
2372,240869
2373,176152
2374,142972
2375,248401
2376,161018
2377,74112
2378,227309
2379,92396
2380,165098
2381,75797
2382,75797
2383,57080
2384,185510
2385,60196
2386,77963
2387,149231
2388,91246
2389,157927
2390,88893
2391,57011
2392,110420
2393,106725
2394,137760
2395,129882
2396,123828
2397,72927
2398,68797
2399,108723
2400,57019
2401,114365
2402,346286
2403,152875
2404,56934
2405,142536
2406,129333
2407,136563
2408,95673
2409,181965
2410,56907
2411,278127
2412,136917
2413,92207
2414,136389
2415,57036
2416,88784
2417,189521
2418,240499
2419,293929
2420,56952
2421,88774
2422,133331
2423,56991
2424,142652
2425,104162
2426,197308
2427,88264
2428,89671
2429,120509
2430,74160
2431,76820
2432,192375
2433,107677
2434,295705
2435,89831
2436,74663
2437,74955
2438,182053
2439,57176
2440,57095
2441,268821
2442,57086
2443,126609
2444,104626
2445,127445
2446,57018
2447,206602
2448,110494
2449,75725
2450,57008
2451,57084
2452,95856
2453,154434
2454,141050
2455,194328
2456,253094
2457,295658
2458,111508
2459,57038
2460,164087
2461,56992
2462,94373
2463,73476
2464,57018
2465,56976
2466,234267
2467,323293
2468,89386
2469,87615
2470,126031
2471,88271
2472,166110
2473,126242
2474,105070
2475,193757
2476,209911
2477,88136
2478,56945
2479,72949
2480,107416
2481,76909
2482,109475
2483,57058
2484,57010
2485,225527
2486,105723
2487,78200
2488,124240
2489,74438
2490,279968
2491,57079
2492,139477
2493,108206
2494,232168
2495,61588
2496,144475
2497,291952
2498,73528
2499,78135
2500,129888
2501,110420
2502,109174
2503,90340
2504,74043
2505,57182
2506,233773
2507,180472
2508,73904
2509,88723
2510,111429
2511,179675
2512,142615
2513,121022
2514,134142
2515,57816
2516,138147
2517,57068
2518,164792
2519,56949
2520,57007
2521,75791
2522,107010
2523,121111
2524,57103
2525,284370
2526,162228
2527,57713
2528,88487
2529,111016
2530,57065
2531,144047
2532,57079
2533,128754
2534,73363
2535,140751
2536,189234
2537,73406
2538,92837
2539,57030
2540,194381
2541,92191
2542,110492
2543,73016
2544,197932
2545,185065
2546,89874
2547,131084
2548,56987
2549,75724
2550,57113
2551,174973
2552,57252
2553,56931
2554,190274
2555,56975
2556,173253
2557,125770
2558,433471
2559,56993
2560,264569
2561,61513
2562,75623
2563,279573
2564,73688
2565,93492
2566,56987
2567,219681
2568,142668
2569,57054
2570,90342
2571,144850
2572,105735
2573,72277
2574,56990
2575,56983
2576,128053
2577,57044
2578,128377
2579,119586
2580,91764
2581,184534
2582,89750
2583,142597
2584,91073
2585,56923
2586,124368
2587,73460
2588,166058
2589,186843
2590,128545
2591,484281
2592,124782
2593,75695
2594,115565
2595,92178
2596,236154
2597,161897
2598,56986
2599,93250
2600,127240
2601,87518
2602,124271
2603,74560
2604,106253
2605,135027
2606,56973
2607,120591
2608,56902
2609,127472
2610,72289
2611,91491
2612,57016
2613,75868
2614,57014
2615,72241
2616,109314
2617,56941
2618,186655
2619,125124
2620,72838
2621,73578
2622,145281
2623,197857
2624,106187
2625,93279
2626,77075
2627,202882
2628,57014
2629,57068
2630,73112
2631,61439
2632,58620
2633,78236
2634,74984
2635,92322
2636,75854
2637,108262
2638,73521
2639,56905
2640,88314
2641,57117
2642,57044
2643,89920
2644,74570
2645,74119
2646,57086
2647,56994
2648,159807
2649,72904
2650,57105
2651,72302
2652,168938
2653,124469
2654,304772
2655,74562
2656,111473
2657,107571
2658,201905
2659,147034
2660,78864
2661,57006
2662,87694
2663,175694
2664,210105
2665,207950
2666,112816
2667,57077
2668,298999
2669,95624
2670,142599
2671,76824
2672,96761
2673,155843
2674,56866
2675,56914
2676,206362
2677,176559
2678,164330
2679,57066
2680,318731
2681,171503
2682,157258
2683,147240
2684,160342
2685,89758
2686,130224
2687,56969
2688,90935
2689,108853
2690,175105
2691,57228
2692,57233
2693,72487
2694,72425
2695,57242
2696,187584
2697,183950
2698,176401
2699,61865
2700,58584
2701,294892
2702,94022
2703,92219
2704,138552
2705,99580
2706,360706
2707,57074
2708,73942
2709,57093
2710,88673
2711,57079
2712,57090
2713,340901
2714,73486
2715,93435
2716,89890
2717,224210
2718,108506
2719,105836
2720,324275
2721,89716
2722,76953
2723,93281
2724,56927
2725,190117
2726,89926
2727,141335
2728,126282
2729,56961
2730,105710
2731,74626
2732,89939
2733,57123
2734,90538
2735,278716
2736,94531
2737,74489
2738,88177
2739,248678
2740,56972
2741,169050
2742,102980
2743,57034
2744,56967
2745,260194
2746,91057
2747,350393
2748,57029
2749,156841
2750,113904
2751,94500
2752,57028
2753,87683
2754,115103
2755,146802
2756,169838
2757,57131
2758,153355
2759,56969
2760,105850
2761,114383
2762,98098
2763,202582
2764,57992
2765,57881
2766,85476
2767,72893
2768,87789
2769,89851
2770,72940
2771,317136
2772,57034
2773,199649
2774,161553
2775,128991
2776,161536
2777,274397
2778,248609
2779,72449
2780,289132
2781,108226
2782,56982
2783,141495
2784,77138
2785,182089
2786,127304
2787,88727
2788,128468
2789,93348
2790,113892
2791,214714
2792,235713
2793,418153
2794,57101
2795,157902
2796,57038
2797,109830
2798,57042
2799,173646
2800,74021
2801,57137
2802,113918
2803,120349
2804,57077
2805,76962
2806,57157
2807,90376
2808,306090
2809,56996
2810,91482
2811,149144
2812,74671
2813,96919
2814,111448
2815,57146
2816,73500
2817,57029
2818,90325
2819,90623
2820,194123
2821,109124
2822,72897
2823,57046
2824,129858
2825,207984
2826,113513
2827,90230
2828,198020
2829,107326
2830,57028
2831,160036
2832,91457
2833,56990
2834,78152
2835,113464
2836,72992
2837,106340
2838,212994
2839,94494
2840,197577
2841,88397
2842,135683
2843,171245
2844,56953
2845,94660
2846,183565
2847,73494
2848,139702
2849,107546
2850,125248
2851,77118
2852,57059
2853,122270
2854,125488
2855,57052
2856,72398
2857,179581
2858,144438
2859,77021
2860,106990
2861,140578
2862,153254
2863,116203
2864,78818
2865,73881
2866,57727
2867,142204
2868,106464
2869,327507
2870,56996
2871,456219
2872,121686
2873,161308
2874,74631
2875,156536
2876,379192
2877,56999
2878,123872
2879,207235
2880,57008
2881,182441
2882,154315
2883,74578
2884,90558
2885,112840
2886,142376
2887,94950
2888,57828
2889,161125
2890,127056
2891,56963
2892,146172
2893,57006
2894,88449
2895,93153
2896,56983
2897,105570
2898,124567
2899,56933
2900,73014
2901,56978
2902,121074
2903,56936
2904,177128
2905,72925
2906,76974
2907,371823
2908,56992
2909,74699
2910,163123
2911,146130
2912,124433
2913,200587
2914,108129
2915,331155
2916,57062
2917,143705
2918,132368
2919,122063
2920,72433
2921,127805
2922,73358
2923,56975
2924,72312
2925,236848
2926,92361
2927,57015
2928,72897
2929,203575
2930,95136
2931,170911
2932,73037
2933,78204
2934,91132
2935,371578
2936,227755
2937,91611
2938,125234
2939,116180
2940,88559
2941,74817
2942,108809
2943,73687
2944,174282
2945,103914
2946,72945
2947,57131
2948,89878
2949,90323
2950,76985
2951,153845
2952,56956
2953,196249
2954,60731
2955,161413
2956,78637
2957,73212
2958,91069
2959,111044
2960,72291
2961,148763
2962,89976
2963,128671
2964,133259
2965,78198
2966,73565
2967,112086
2968,255318
2969,289185
2970,57167
2971,92330
2972,75773
2973,57007
2974,296793
2975,156126
2976,190234
2977,217625
2978,109172
2979,125651
2980,56998
2981,330001
2982,77025
2983,90889
2984,122199
2985,57295
2986,73472
2987,132037
2988,57028
2989,294294
2990,92788
2991,73429
2992,323379
2993,156411
2994,57170
2995,73952
2996,57013
2997,90454
2998,57063
2999,106452
3000,89940
3001,78809
3002,259008
3003,166807
3004,244704
3005,57552
3006,77035
3007,104061
3008,73486
3009,74574
3010,57014
3011,72301
3012,57192
3013,158504
3014,183269
3015,79314
3016,108443
3017,78737
3018,208917
3019,248115
3020,99986
3021,140164
3022,62155
3023,81113
3024,162080
3025,180255
3026,104081
3027,96209
3028,562330
3029,196257
3030,140452
3031,107580
3032,97934
3033,57196
3034,157479
3035,57104
3036,57020
3037,73543
3038,108121
3039,90929
3040,74536
3041,324222
3042,160800
3043,56933
3044,56911
3045,126941
3046,124319
3047,281307
3048,209334
3049,261618
3050,57003
3051,132769
3052,56882
3053,88699
3054,184655
3055,163430
3056,126774
3057,57022
3058,75658
3059,122440
3060,56961
3061,162363
3062,58209
3063,125244
3064,224927
3065,121954
3066,89138
3067,57148
3068,235898
3069,128805
3070,281657
3071,60129
3072,95300
3073,57774
3074,72382
3075,57072
3076,89246
3077,204318
3078,89746
3079,114953
3080,171440
3081,206150
3082,210389
3083,144370
3084,72880
3085,111592
3086,57155
3087,74592
3088,109496
3089,73508
3090,57174
3091,74047
3092,88208
3093,75654
3094,78485
3095,93876
3096,105461
3097,57180
3098,140990
3099,56979
3100,72844
3101,158250
3102,112721
3103,89319
3104,74570
3105,234563
3106,196048
3107,57000
3108,89300
3109,57044
3110,92067
3111,108568
3112,74456
3113,57257
3114,120884
3115,110929
3116,164569
3117,163574
3118,218022
3119,138463
3120,56933
3121,99246
3122,90415
3123,107359
3124,57022
3125,128590
3126,72299
3127,72289
3128,343284
3129,59931
3130,145976
3131,140389
3132,56991
3133,72372
3134,56945
3135,111455
3136,56922
3137,234387
3138,93666
3139,78372
3140,58195
3141,121356
3142,57206
3143,57010
3144,73383
3145,126402
3146,74082
3147,56896
3148,56935
3149,95705
3150,72976
3151,56985
3152,56926
3153,127265
3154,57125
3155,93243
3156,95096
3157,73439
3158,104057
3159,56923
3160,56984
3161,108402
3162,74566
3163,122258
3164,72206
3165,211819
3166,90921
3167,57088
3168,124157
3169,112115
3170,177432
3171,147738
3172,57022
3173,57024
3174,72233
3175,73873
3176,187147
3177,106149
3178,73989
3179,57086
3180,56995
3181,56921
3182,91006
3183,89892
3184,159686
3185,104002
3186,134347
3187,56922
3188,190169
3189,92171
3190,190951
3191,56972
3192,56992
3193,109164
3194,56979
3195,57111
3196,97026
3197,177367
3198,73320
3199,109237
3200,56969
3201,104979
3202,74586
3203,67778
3204,107306
3205,57132
3206,72881
3207,56983
3208,333258
3209,135704
3210,57491
3211,57704
3212,74746
3213,57322
3214,128335
3215,57317
3216,152124
3217,97609
3218,202773
3219,205154
3220,90605
3221,125523
3222,57046
3223,159049
3224,105034
3225,57117
3226,74598
3227,90445
3228,72909
3229,240332
3230,232614
3231,57026
3232,72858
3233,107473
3234,56947
3235,205890
3236,199848
3237,57084
3238,88184
3239,57036
3240,107296
3241,57157
3242,77003
3243,72336
3244,184996
3245,218638
3246,104705
3247,110353
3248,57073
3249,153736
3250,290025
3251,74554
3252,75625
3253,110403
3254,72267
3255,159218
3256,57121
3257,74114
3258,74477
3259,56989
3260,56949
3261,72788
3262,75659
3263,75635
3264,107284
3265,93319
3266,72293
3267,56969
3268,56969
3269,155987
3270,351505
3271,158356
3272,73757
3273,56969
3274,56973
3275,72736
3276,56999
3277,123311
3278,112680
3279,56923
3280,124048
3281,91514
3282,57044
3283,123708
3284,279786
3285,172765
3286,145394
3287,79002
3288,92677
3289,74513
3290,74554
3291,57317
3292,141850
3293,72342
3294,72277
3295,57099
3296,56952
3297,92853
3298,56926
3299,89414
3300,72343
3301,94443
3302,57137
3303,125804
3304,56969
3305,145329
3306,123315
3307,226424
3308,58284
3309,178120
3310,56999
3311,98164
3312,159055
3313,245775
3314,56945
3315,131527
3316,57038
3317,91989
3318,73042
3319,56945
3320,192112
3321,72982
3322,151173
3323,57074
3324,57064
3325,296234
3326,73553
3327,74549
3328,109269
3329,138303
3330,73454
3331,109869
3332,278998
3333,75720
3334,110444
3335,72364
3336,372675
3337,112022
3338,152304
3339,87402
3340,94371
3341,109316
3342,72165
3343,57028
3344,89827
3345,126841
3346,161703
3347,157909
3348,150923
3349,174501
3350,95276
3351,57658
3352,95554
3353,247683
3354,104467
3355,57024
3356,112131
3357,141915
3358,56987
3359,120195
3360,129068
3361,88063
3362,56978
3363,218796
3364,114421
3365,73322
3366,113981
3367,284341
3368,73476
3369,184793
3370,108404
3371,410119
3372,57166
3373,57194
3374,352253
3375,94365
3376,92120
3377,233931
3378,95726
3379,57099
3380,89185
3381,105161
3382,91211
3383,57052
3384,72903
3385,74488
3386,233457
3387,105694
3388,78062
3389,73466
3390,296025
3391,109664
3392,56977
3393,56957
3394,73312
3395,74410
3396,107874
3397,68110
3398,57710
3399,108301
3400,285478
3401,227966
3402,56882
3403,77993
3404,88105
3405,56927
3406,154868
3407,182696
3408,114499
3409,73713
3410,57585
3411,56919
3412,78285
3413,73470
3414,77002
3415,74633
3416,144092
3417,173484
3418,74572
3419,261610
3420,73425
3421,72814
3422,106207
3423,57091
3424,56946
3425,89886
3426,56997
3427,75717
3428,73326
3429,93348
3430,150133
3431,75866
3432,73296
3433,107869
3434,72798
3435,89841
3436,206812
3437,72242
3438,56932
3439,125136
3440,174260
3441,73553
3442,56959
3443,120972
3444,143559
3445,143608
3446,72885
3447,112226
3448,56944
3449,107223
3450,72331
3451,154397
3452,126801
3453,88006
3454,56915
3455,195681
3456,288529
3457,173871
3458,124441
3459,109087
3460,89154
3461,74556
3462,180102
3463,92725
3464,117698
3465,234496
3466,142340
3467,56970
3468,196368
3469,74576
3470,56985
3471,92694
3472,72854
3473,300389
3474,93493
3475,127453
3476,121623
3477,99378
3478,89341
3479,57074
3480,147467
3481,78927
3482,126893
3483,104932
3484,166372
3485,194247
3486,370648
3487,112338
3488,92183
3489,109833
3490,78081
3491,122088
3492,127169
3493,207261
3494,107517
3495,237575
3496,106484
3497,72477
3498,56927
3499,210456
3500,324151
3501,57020
3502,56975
3503,72947
3504,88143
3505,88267
3506,300684
3507,149705
3508,164713
3509,72805
3510,162825
3511,155100
3512,113891
3513,213302
3514,108023
3515,57085
3516,112039
3517,168404
3518,75850
3519,74507
3520,75649
3521,69933
3522,88559
3523,76996
3524,57040
3525,112062
3526,159005
3527,148980
3528,196201
3529,57056
3530,78092
3531,152917
3532,79997
3533,57919
3534,93133
3535,72771
3536,74610
3537,57040
3538,56953
3539,176069
3540,96962
3541,95143
3542,274608
3543,96947
3544,144185
3545,150879
3546,169560
3547,89256
3548,130738
3549,154301
3550,140667
3551,159699
3552,57130
3553,178985
3554,155686
3555,196627
3556,88788
3557,73976
3558,57087
3559,72304
3560,57008
3561,405914
3562,57061
3563,57048
3564,189499
3565,104744
3566,57144
3567,155988
3568,89910
3569,139143
3570,57117
3571,56987
3572,122033
3573,74536
3574,108961
3575,88735
3576,90915
3577,57010
3578,56969
3579,105055
3580,105108
3581,122732
3582,95183
3583,72830
3584,109028
3585,173525
3586,89245
3587,84907
3588,145783
3589,157412
3590,115034
3591,91995
3592,172220
3593,57048
3594,89365
3595,71953
3596,171031
3597,57984
3598,106868
3599,103463
3600,57006
3601,75707
3602,91020
3603,157968
3604,57091
3605,73367
3606,57146
3607,157937
3608,113217
3609,111036
3610,116636
3611,60816
3612,57741
3613,73054
3614,94146
3615,124009
3616,254903
3617,57034
3618,78062
3619,57011
3620,181571
3621,142773
3622,206545
3623,56971
3624,72828
3625,74503
3626,88683
3627,134205
3628,78119
3629,57164
3630,72739
3631,141520
3632,130293
3633,125709
3634,94478
3635,57115
3636,104420
3637,175358
3638,73502
3639,305576
3640,135769
3641,140894
3642,57054
3643,145109
3644,92000
3645,112527
3646,177606
3647,72405
3648,56981
3649,72283
3650,142672
3651,73464
3652,89308
3653,72854
3654,56999
3655,88632
3656,139925
3657,88733
3658,93504
3659,74481
3660,56983
3661,56981
3662,56929
3663,76885
3664,135905
3665,124528
3666,76381
3667,91079
3668,74713
3669,76948
3670,56979
3671,104134
3672,182784
3673,229513
3674,92272
3675,157514
3676,104503
3677,89752
3678,106285
3679,73498
3680,72992
3681,57083
3682,108378
3683,146093
3684,56989
3685,89757
3686,96990
3687,72302
3688,201632
3689,297030
3690,74580
3691,125158
3692,209948
3693,92754
3694,144412
3695,56935
3696,121502
3697,78390
3698,155571
3699,129826
3700,160601
3701,73930
3702,89890
3703,170713
3704,191889
3705,78143
3706,56911
3707,123968
3708,106735
3709,124009
3710,171919
3711,56916
3712,212814
3713,109301
3714,184264
3715,57086
3716,126442
3717,183292
3718,57026
3719,57056
3720,74714
3721,74271
3722,281935
3723,243093
3724,74979
3725,57256
3726,104803
3727,98811
3728,129161
3729,170182
3730,78240
3731,191480
3732,106856
3733,187925
3734,57204
3735,57087
3736,110070
3737,57034
3738,92823
3739,109737
3740,72344
3741,56949
3742,250021
3743,78271
3744,107550
3745,56979
3746,122855
3747,104671
3748,91262
3749,128706
3750,62349
3751,121905
3752,162835
3753,72777
3754,113031
3755,95345
3756,106214
3757,74501
3758,211033
3759,56998
3760,89935
3761,111037
3762,182674
3763,109377
3764,56909
3765,57121
3766,121695
3767,112243
3768,126588
3769,119908
3770,260137
3771,128616
3772,89349
3773,91008
3774,108536
3775,72905
3776,72325
3777,92799
3778,56950
3779,56947
3780,57034
3781,76806
3782,137571
3783,175610
3784,56946
3785,124374
3786,89361
3787,75751
3788,75782
3789,102917
3790,88970
3791,185547
3792,76952
3793,73632
3794,201521
3795,436874
3796,57801
3797,57686
3798,94168
3799,115221
3800,57155
3801,72485
3802,198505
3803,57165
3804,179527
3805,73428
3806,109146
3807,184823
3808,164954
3809,188816
3810,57390
3811,162941
3812,56997
3813,143555
3814,76993
3815,215516
3816,56924
3817,91164
3818,226223
3819,74503
3820,215362
3821,110327
3822,113473
3823,131985
3824,147653
3825,57032
3826,198067
3827,179859
3828,56953
3829,126347
3830,56971
3831,141276
3832,90480
3833,56944
3834,185523
3835,156823
3836,124690
3837,121835
3838,128602
3839,56993
3840,180746
3841,57009
3842,138712
3843,75730
3844,178748
3845,281007
3846,142368
3847,143964
3848,57623
3849,226100
3850,113835
3851,110898
3852,91921
3853,74521
3854,240381
3855,57147
3856,56979
3857,57121
3858,78192
3859,217128
3860,119382
3861,78327
3862,209737
3863,120280
3864,92430
3865,238825
3866,141598
3867,235420
3868,114572
3869,156819
3870,111669
3871,113062
3872,203739
3873,261247
3874,264769
3875,205256
3876,85093
3877,73337
3878,110333
3879,107588
3880,91170
3881,75686
3882,73576
3883,109328
3884,199448
3885,131646
3886,56999
3887,264381
3888,78241
3889,194232
3890,175286
3891,76770
3892,178899
3893,88287
3894,75623
3895,57008
3896,138587
3897,56978
3898,177969
3899,56991
3900,115468
3901,125199
3902,161338
3903,68772
3904,76413
3905,133076
3906,132359
3907,189837
3908,111106
3909,97638
3910,222345
3911,211193
3912,111973
3913,61665
3914,204776
3915,61742
3916,126353
3917,316782
3918,205331
3919,344863
3920,111497
3921,142023
3922,78176
3923,74507
3924,72806
3925,88859
3926,57006
3927,72781
3928,151980
3929,74675
3930,123303
3931,57038
3932,123394
3933,158385
3934,73337
3935,91028
3936,161930
3937,73661
3938,56967
3939,218566
3940,194269
3941,122754
3942,73977
3943,57005
3944,180335
3945,74619
3946,366463
3947,177334
3948,56949
3949,139854
3950,202045
3951,192695
3952,74710
3953,277426
3954,56911
3955,156132
3956,188792
3957,57020
3958,281457
3959,113069
3960,91383
3961,73496
3962,94792
3963,72308
3964,57052
3965,93548
3966,57067
3967,108139
3968,57102
3969,153337
3970,112729
3971,125180
3972,56905
3973,176499
3974,107546
3975,165477
3976,57022
3977,56979
3978,185810
3979,110985
3980,56979
3981,57075
3982,89487
3983,78203
3984,135817
3985,57026
3986,75826
3987,57069
3988,177896
3989,72461
3990,192740
3991,145411
3992,74619
3993,74532
3994,201782
3995,173679
3996,57002
3997,56866
3998,222687
3999,109640
4000,236708
4001,72609
4002,170141
4003,153683
4004,213563
4005,89278
4006,57079
4007,76955
4008,126863
4009,109690
4010,57030
4011,56951
4012,90248
4013,90329
4014,57091
4015,127941
4016,108610
4017,72933
4018,107378
4019,90789
4020,146296
4021,75804
4022,209228
4023,336463
4024,129449
4025,74867
4026,57040
4027,120936
4028,101651
4029,178609
4030,166309
4031,295707
4032,57745
4033,90589
4034,126792
4035,73032
4036,73493
4037,112271
4038,72903
4039,72836
4040,57188
4041,125592
4042,179891
4043,287586
4044,56882
4045,189071
4046,72332
4047,91146
4048,74082
4049,134543
4050,91008
4051,57006
4052,72963
4053,72423
4054,57052
4055,139168
4056,140258
4057,77068
4058,105185
4059,139335
4060,57032
4061,57091
4062,112509
4063,90370
4064,91836
4065,128598
4066,57012
4067,74570
4068,72349
4069,109050
4070,156456
4071,226932
4072,187943
4073,57089
4074,78227
4075,74573
4076,87643
4077,88112
4078,75858
4079,72373
4080,182030
4081,124423
4082,176928
4083,244345
4084,72861
4085,390156
4086,108348
4087,94276
4088,73707
4089,180711
4090,107616
4091,125444
4092,109415
4093,88915
4094,112731
4095,100089
4096,80428
4097,225078
4098,92292
4099,74455
4100,194081
4101,197188
4102,57078
4103,57172
4104,112113
4105,218834
4106,172107
4107,74056
4108,95576
4109,113387
4110,105268
4111,74671
4112,247843
4113,107565
4114,89920
4115,131391
4116,89181
4117,56959
4118,57056
4119,156148
4120,141535
4121,57107
4122,57174
4123,124405
4124,73457
4125,157245
4126,120345
4127,57119
4128,56994
4129,72485
4130,72515
4131,76847
4132,56989
4133,178439
4134,127917
4135,110602
4136,296730
4137,125777
4138,87690
4139,76922
4140,140344
4141,129280
4142,74610
4143,73938
4144,141817
4145,89426
4146,214273
4147,98094
4148,132512
4149,73932
4150,105921
4151,199900
4152,384862
4153,57124
4154,125114
4155,89246
4156,57097
4157,139550
4158,132655
4159,123983
4160,56991
4161,87773
4162,492108
4163,176585
4164,56887
4165,146529
4166,95651
4167,72813
4168,75731
4169,88624
4170,222150
4171,231541
4172,56875
4173,57026
4174,73818
4175,56986
4176,56970
4177,57060
4178,88085
4179,141244
4180,107390
4181,123151
4182,111459
4183,181596
4184,154167
4185,260188
4186,57062
4187,56989
4188,78293
4189,107389
4190,179604
4191,56979
4192,57104
4193,104176
4194,57006
4195,57028
4196,111945
4197,155420
4198,132647
4199,76776
4200,108412
4201,57026
4202,179214
4203,93366
4204,174373
4205,73446
4206,150194
4207,57004
4208,140835
4209,77456
4210,73247
4211,57695
4212,248188
4213,187769
4214,251857
4215,138450
4216,56947
4217,176594
4218,126641
4219,74657
4220,89854
4221,235142
4222,56967
4223,57014
4224,72325
4225,56963
4226,124565
4227,121581
4228,141886
4229,92239
4230,56914
4231,216480
4232,104772
4233,125643
4234,108714
4235,94016
4236,90415
4237,56977
4238,75668
4239,161839
4240,146616
4241,163291
4242,122284
4243,89962
4244,317264
4245,160273
4246,145706
4247,56878
4248,90528
4249,145021
4250,56937
4251,72548
4252,75709
4253,146106
4254,126655
4255,169518
4256,190364
4257,90449
4258,267151
4259,121954
4260,57239
4261,57654
4262,225000
4263,200318
4264,101809
4265,190566
4266,61236
4267,362308
4268,437359
4269,60512
4270,57251
4271,216460
4272,57034
4273,57044
4274,129185
4275,95041
4276,56963
4277,90422
4278,87686
4279,150246
4280,91999
4281,215221
4282,93666
4283,109790
4284,124506
4285,188620
4286,109346
4287,57172
4288,56991
4289,72346
4290,89602
4291,56957
4292,56925
4293,108787
4294,140435
4295,72389
4296,181935
4297,194818
4298,72386
4299,129063
4300,107494
4301,91545
4302,91016
4303,57113
4304,89827
4305,124328
4306,156645
4307,110987
4308,177357
4309,132629
4310,89906
4311,57115
4312,114424
4313,154015
4314,74547
4315,78242
4316,111544
4317,123763
4318,125598
4319,91608
4320,57000
4321,124332
4322,72924
4323,238351
4324,73332
4325,241009
4326,196361
4327,77517
4328,73480
4329,103847
4330,73326
4331,151309
4332,177867
4333,177577
4334,57487
4335,57004
4336,112992
4337,79671
4338,128045
4339,147904
4340,57510
4341,57164
4342,57178
4343,181315
4344,93983
4345,182509
4346,57040
4347,95541
4348,123516
4349,92365
4350,309062
4351,108493
4352,93842
4353,123916
4354,119497
4355,364198
4356,56996
4357,57082
4358,57093
4359,122716
4360,57003
4361,104061
4362,56997
4363,57050
4364,73985
4365,124931
4366,107894
4367,74394
4368,57083
4369,92221
4370,88767
4371,122150
4372,142354
4373,73940
4374,89343
4375,230435
4376,127761
4377,253817
4378,93238
4379,109715
4380,93094
4381,72852
4382,72996
4383,91083
4384,72382
4385,160366
4386,111536
4387,74057
4388,73910
4389,326428
4390,96994
4391,147158
4392,90013
4393,57080
4394,57085
4395,183586
4396,74576
4397,89933
4398,56969
4399,147388
4400,159343
4401,209962
4402,72571
4403,108747
4404,386794
4405,95757
4406,57141
4407,78155
4408,314069
4409,56989
4410,72395
4411,158369
4412,57034
4413,105765
4414,74054
4415,73415
4416,57115
4417,94439
4418,175040
4419,57091
4420,187558
4421,74138
4422,263769
4423,140272
4424,89341
4425,57004
4426,57084
4427,57003
4428,114479
4429,72204
4430,164032
4431,217147
4432,142269
4433,170956
4434,162503
4435,93186
4436,72358
4437,310624
4438,164073
4439,57052
4440,57222
4441,170367
4442,105132
4443,94536
4444,113312
4445,57086
4446,127786
4447,74591
4448,106970
4449,140446
4450,131509
4451,57812
4452,221172
4453,316486
4454,91602
4455,78255
4456,57002
4457,172078
4458,148374
4459,88903
4460,74544
4461,56983
4462,57113
4463,108993
4464,77173
4465,57076
4466,78263
4467,57166
4468,144349
4469,91624
4470,329197
4471,91721
4472,150666
4473,95934
4474,108566
4475,73967
4476,145439
4477,57153
4478,57076
4479,124623
4480,76935
4481,211290
4482,89151
4483,89000
4484,105709
4485,73488
4486,109421
4487,175783
4488,123498
4489,57101
4490,227542
4491,210545
4492,73363
4493,57093
4494,57034
4495,57196
4496,109765
4497,125167
4498,167399
4499,72372
4500,74628
4501,111534
4502,105236
4503,104719
4504,193826
4505,105755
4506,72354
4507,91531
4508,159691
4509,160708
4510,110831
4511,94678
4512,57145
4513,91085
4514,94733
4515,105739
4516,93414
4517,74615
4518,57004
4519,95675
4520,247921
4521,153181
4522,150017
4523,172658
4524,375809
4525,165847
4526,418910
4527,116426
4528,376352
4529,115267
4530,174189
4531,90725
4532,130844
4533,254587
4534,77087
4535,197186
4536,156247
4537,74600
4538,57036
4539,107752
4540,78060
4541,259152
4542,169735
4543,94920
4544,232037
4545,175311
4546,190230
4547,73822
4548,57085
4549,182109
4550,75692
4551,57105
4552,73484
4553,124483
4554,197786
4555,57019
4556,57020
4557,212907
4558,234103
4559,93999
4560,78176
4561,57012
4562,73494
4563,264377
4564,90951
4565,168947
4566,198523
4567,87652
4568,72437
4569,57080
4570,92789
4571,72828
4572,121957
4573,116865
4574,196070
4575,205251
4576,204983
4577,60098
4578,73602
4579,87605
4580,73551
4581,57014
4582,74706
4583,140942
4584,128444
4585,110938
4586,92663
4587,106753
4588,133128
4589,173747
4590,75492
4591,56988
4592,72868
4593,73973
4594,194719
4595,56973
4596,157788
4597,108544
4598,106348
4599,73480
4600,109358
4601,56945
4602,91080
4603,73500
4604,138443
4605,204742
4606,94355
4607,206097
4608,239449
4609,171906
4610,89811
4611,73936
4612,232300
4613,111414
4614,106328
4615,127311
4616,126917
4617,123844
4618,57001
4619,275771
4620,180542
4621,78218
4622,178871
4623,120412
4624,105686
4625,57091
4626,74669
4627,56972
4628,162594
4629,107600
4630,73275
4631,153264
4632,77055
4633,110902
4634,214094
4635,56930
4636,74525
4637,56998
4638,242198
4639,89799
4640,107349
4641,242131
4642,109340
4643,89426
4644,89309
4645,72300
4646,56957
4647,92122
4648,94158
4649,90623
4650,108334
4651,128488
4652,77009
4653,73459
4654,56967
4655,88937
4656,57032
4657,56991
4658,90374
4659,207612
4660,146239
4661,57110
4662,209785
4663,160287
4664,88808
4665,57062
4666,93264
4667,368450
4668,73557
4669,128656
4670,57165
4671,57129
4672,148910
4673,190956
4674,90380
4675,56988
4676,266457
4677,57144
4678,56954
4679,57089
4680,113920
4681,112115
4682,57030
4683,108957
4684,91172
4685,320760
4686,91550
4687,72431
4688,140373
4689,73393
4690,72381
4691,73413
4692,88231
4693,56926
4694,57004
4695,57209
4696,57020
4697,88719
4698,107985
4699,56987
4700,106970
4701,89918
4702,106355
4703,90994
4704,141412
4705,124486
4706,105720
4707,58095
4708,127277
4709,72435
4710,220048
4711,111989
4712,72307
4713,57084
4714,74067
4715,57121
4716,105245
4717,191924
4718,109186
4719,73020
4720,116725
4721,108581
4722,143885
4723,57143
4724,86422
4725,76174
4726,261871
4727,78751
4728,196092
4729,138574
4730,230625
4731,87854
4732,161924
4733,74523
4734,107531
4735,72560
4736,208764
4737,198161
4738,203660
4739,74601
4740,88624
4741,336937
4742,106348
4743,147420
4744,74007
4745,109429
4746,143063
4747,73072
4748,187830
4749,303484
4750,57073
4751,57206
4752,57062
4753,77102
4754,397430
4755,122207
4756,57071
4757,125782
4758,180555
4759,104908
4760,94397
4761,73136
4762,125764
4763,90376
4764,74762
4765,56992
4766,100249
4767,122669
4768,73034
4769,112859
4770,57153
4771,316780
4772,200399
4773,270336
4774,74139
4775,88266
4776,57074
4777,115072
4778,393675
4779,108781
4780,75834
4781,217778
4782,59959
4783,106463
4784,125758
4785,92124
4786,57113
4787,56991
4788,95665
4789,254360
4790,89878
4791,95677
4792,128604
4793,90287
4794,72281
4795,89430
4796,56992
4797,57198
4798,108737
4799,122829
4800,56969
4801,109199
4802,212664
4803,174987
4804,87777
4805,91670
4806,155551
4807,72344
4808,91085
4809,57066
4810,90349
4811,57083
4812,90682
4813,158698
4814,57000
4815,244985
4816,57036
4817,142607
4818,139119
4819,214540
4820,93372
4821,75170
4822,105063
4823,57077
4824,95061
4825,139317
4826,227034
4827,310711
4828,57459
4829,535391
4830,57154
4831,93907
4832,78105
4833,276450
4834,162483
4835,72362
4836,93366
4837,57018
4838,303842
4839,147827
4840,89964
4841,128065
4842,207444
4843,108862
4844,150748
4845,141905
4846,57384
4847,57391
4848,432997
4849,300269
4850,106885
4851,93596
4852,89371
4853,90455
4854,165544
4855,56989
4856,57070
4857,127425
4858,57111
4859,57115
4860,57056
4861,57042
4862,89770
4863,57135
4864,109203
4865,56924
4866,113173
4867,57076
4868,213454
4869,56985
4870,72342
4871,56963
4872,106751
4873,300068
4874,57145
4875,110493
4876,75801
4877,92177
4878,162384
4879,88196
4880,138794
4881,95290
4882,57069
4883,303038
4884,99400
4885,90617
4886,112209
4887,140582
4888,214442
4889,263105
4890,107540
4891,161599
4892,73426
4893,122914
4894,139580
4895,60543
4896,259023
4897,108826
4898,145581
4899,88902
4900,161835
4901,78387
4902,56965
4903,75828
4904,157251
4905,72342
4906,103454
4907,170415
4908,89819
4909,110835
4910,75449
4911,92237
4912,145960
4913,57136
4914,57096
4915,57085
4916,156777
4917,77105
4918,78562
4919,439570
4920,74027
4921,72463
4922,72324
4923,294579
4924,57220
4925,126801
4926,73478
4927,110505
4928,78251
4929,57177
4930,143823
4931,75850
4932,157100
4933,92663
4934,335409
4935,93906
4936,57040
4937,87708
4938,57087
4939,183535
4940,105895
4941,105706
4942,77136
4943,78018
4944,57030
4945,74066
4946,57097
4947,57155
4948,99261
4949,88494
4950,160769
4951,98219
4952,337257
4953,167731
4954,56984
4955,165345
4956,74596
4957,214207
4958,121040
4959,94122
4960,281954
4961,57227
4962,74080
4963,145032
4964,76987
4965,74434
4966,108986
4967,111702
4968,57036
4969,145295
4970,108214
4971,90512
4972,76964
4973,108076
4974,57107
4975,133429
4976,56973
4977,252130
4978,177936
4979,163181
4980,195525
4981,224144
4982,105841
4983,57036
4984,73130
4985,160097
4986,185889
4987,57099
4988,208750
4989,57180
4990,57012
4991,73519
4992,111489
4993,89892
4994,122183
4995,89235
4996,57234
4997,110912
4998,72508
4999,190824
